﻿Project,Health_Score_Scaled,Health_Level_Class
AdguardFilters,40.58,0
Anki-Android,38.43,0
App,45.31,0
AspNetCore.Docs,51.14,1
Barotrauma,36.8,0
Cataclysm-DDA,50.09,1
ClickHouse,48.14,0
Cura,45.91,0
DefinitelyTyped,55.44,1
Dota2-Gameplay,44.45,0
FNF-PsychEngine,45.42,0
Files,47.96,0
General,38.56,0
GitHubGraduation-2022,58.92,1
LeetCode-Feedback,45.64,0
Marlin,58.82,1
NewPipe,45.15,0
Paddle,51.47,1
PaddleOCR,53.9,1
PowerShell,48.6,0
PowerToys,61.9,1
PrestaShop,46.85,0
Proton,48.14,0
PrusaSlicer,43.82,0
QGIS,44.16,0
Redpill_CustomBuild,44.15,0
Rocket.Chat,48.56,0
Skyrat-tg,36.68,0
TDengine,47.0,0
TypeScript,62.29,1
WSL,46.11,0
a32nx,44.61,0
airbyte,43.49,0
airflow,48.66,0
amplify-cli,42.07,0
android-issues,30.12,0
angular,68.07,1
ansible,75.75,2
ant-design,68.07,1
apisix,43.73,0
appsmith,46.82,0
ardupilot,42.58,0
argo-cd,45.21,0
arrow,47.52,0
aspnetcore,55.0,1
assets,53.87,1
aws-cdk,46.42,0
azerothcore-wotlk,38.7,0
azure-cli,44.72,0
azure-docs,86.24,2
azure-powershell,42.98,0
azure-rest-api-specs,40.98,0
azure-sdk-for-java,38.83,0
azure-sdk-for-js,39.07,0
azure-sdk-for-net,41.97,0
azure-sdk-for-python,42.18,0
azuredatastudio,41.06,0
backstage,49.63,0
beam,46.82,0
bevy,47.35,0
bioconda-recipes,41.21,0
bitcoin,58.1,1
brave-browser,48.09,0
ccxt,50.9,1
charts,45.85,0
chia-blockchain,45.7,0
cilium,42.76,0
cloudflare-docs,40.14,0
cmssw,49.14,0
cockroach,44.79,0
codeql,41.74,0
components,51.98,1
conan-center-index,38.2,0
connectedhomeip,40.89,0
content,55.04,1
1_content,51.14,1
2_content,50.9,1
3_content,47.64,0
core,68.49,1
cpython,50.68,1
cypress,49.53,0
darktable,42.83,0
datadog-agent,38.01,0
dbeaver,48.44,0
deno,58.01,1
denylist,35.6,0
desktop,44.72,0
1_desktop,40.88,0
2_desktop,43.48,0
3_desktop,39.97,0
developer.chrome.com,37.59,0
directus,41.15,0
docs,61.94,1
1_docs,70.92,2
2_docs,60.22,1
3_docs,68.73,1
4_docs,57.22,1
5_docs,64.87,1
docs-website,36.81,0
dolphinscheduler,42.74,0
efcore,46.51,0
elasticsearch,66.78,1
electron,61.12,1
element-plus,51.57,1
elementor,43.16,0
engine,30.24,0
engineering-education,38.7,0
envoy,46.06,0
esp-idf,48.69,0
eth-phishing-detect,36.33,0
ethereum-org-website,45.0,0
expo,50.75,1
extensions,44.39,0
fenix,43.39,0
filecoin-plus-large-datasets,35.9,0
firebase-android-sdk,43.86,0
first-contributions,76.79,2
flathub,39.07,0
fluentui,46.88,0
flutter,74.04,2
flutterfire,50.48,1
framework,64.35,1
1_framework,57.07,1
2_framework,54.19,1
3_framework,49.06,0
frontend,39.76,0
gatsby,58.34,1
gitea,49.18,0
gitpod,39.01,0
go,69.02,1
godot,56.7,1
gradle,42.65,0
grafana,55.52,1
grpc,47.96,0
gutenberg,49.54,0
helix,48.62,0
home-assistant.io,46.34,0
homebrew-cask,59.91,1
homebrew-core,60.33,1
hudi,39.13,0
hyperblog,50.09,1
iceberg,38.5,0
istio,54.8,1
it-cert-automation-practice,57.59,1
ivy,51.08,1
jetpack,37.34,0
jitsi-meet,43.48,0
joomla-cms,50.12,1
joss-reviews,30.16,0
julia,53.05,1
keycloak,43.82,0
kibana,49.53,0
kit,50.8,1
kubernetes,80.71,2
kubevirt,40.7,0
lede,51.44,1
lens,44.28,0
librealsense,49.42,0
llvm-project,49.77,0
logseq,44.81,0
loki,44.18,0
magento2,57.68,1
mastodon,48.09,0
material-ui,62.76,1
mathlib,36.6,0
matplotlib,47.52,0
maui,49.57,0
metabase,45.64,0
metamask-extension,42.7,0
metasploit-framework,47.82,0
metersphere,42.1,0
microsoft-365-docs,40.53,0
microsoft-graph-docs,37.96,0
minikube,53.05,1
mlflow,43.25,0
mmdetection,53.55,1
msteams-docs,36.47,0
nacos,48.9,0
neovim,54.44,1
next.js,68.02,1
nixpkgs,53.99,1
node,79.47,2
nx,46.7,0
o3de,42.67,0
obs-studio,51.19,1
odoo,53.53,1
onnxruntime,47.94,0
openapi-generator,45.48,0
opencv,53.53,1
openhab-addons,41.79,0
openshift-docs,39.53,0
openssl,48.87,0
opentelemetry-collector-contrib,37.16,0
openvino,44.36,0
openwrt,38.92,0
oppia,41.62,0
osu,44.46,0
pandas,54.95,1
patchwork,50.27,1
php-src,57.89,1
playwright,60.4,1
plugins,39.49,0
podman,53.29,1
postman-app-support,45.48,0
prisma,48.66,0
pulsar,42.86,0
pytorch,64.48,1
qBittorrent,45.3,0
qmk_firmware,50.75,1
quarkus,49.06,0
rails,58.63,1
rancher,47.48,0
ray,46.31,0
react,70.22,2
react-native,73.7,2
redis,49.68,0
release,38.58,0
remix,49.63,0
renovate,42.7,0
roslyn,46.39,0
rpcs3,45.91,0
rstudio,39.16,0
ruffle,40.85,0
runtime,50.24,1
rust,65.41,1
scikit-learn,61.85,1
scipy,45.33,0
sentry,45.75,0
serenity,44.96,0
server,50.51,1
shardingsphere,46.09,0
solana,43.04,0
sourcegraph,42.12,0
spack,39.82,0
spyder,44.6,0
stable-diffusion-webui,70.59,2
staged-recipes,40.31,0
start-here-guidelines,52.29,1
storybook,56.65,1
strapi,55.86,1
superset,46.81,0
swift,46.28,0
symfony,57.33,1
synapse,40.01,0
systemd,46.76,0
tachiyomi,43.85,0
tachiyomi-extensions,40.5,0
tailscale,43.4,0
telegraf,45.96,0
teleport,40.7,0
tensorflow,90.0,2
terminal,54.88,1
termux-packages,42.82,0
terraform-provider-aws,47.3,0
test-infra,47.64,0
testissues,30.0,0
testnets,70.22,2
tgstation,46.66,0
three.js,61.43,1
tidb,46.96,0
token-list,57.59,1
tokens,47.94,0
transformers,61.17,1
translated-content,43.36,0
trino,42.45,0
type-challenges,45.54,0
uAssets,43.48,0
va.gov-team,36.53,0
vault,46.3,0
vcpkg,49.3,0
vector,40.89,0
vite,57.92,1
void-packages,44.36,0
vscode,79.47,2
vscode-jupyter,36.51,0
web-bugs,38.22,0
website,50.89,1
winget-pkgs,46.05,0
woocommerce,50.23,1
wp-calypso,44.97,0
xamarin-macios,38.32,0
xbmc,47.06,0
yolov5,55.4,1
yt-dlp,57.46,1
yuzu,48.44,0
zephyr,46.87,0
zig,41.53,0
zigbee2mqtt,50.18,1
zulip,49.17,0
