﻿Project,Health_Score_Scaled
AdguardFilters,40.58
Anki-Android,38.43
App,45.31
AspNetCore.Docs,51.14
Barotrauma,36.8
Cataclysm-DDA,50.09
ClickHouse,48.14
Cura,45.91
DefinitelyTyped,55.44
Dota2-Gameplay,44.45
FNF-PsychEngine,45.42
Files,47.96
General,38.56
GitHubGraduation-2022,58.92
LeetCode-Feedback,45.64
Marlin,58.82
NewPipe,45.15
Paddle,51.47
PaddleOCR,53.9
PowerShell,48.6
PowerToys,61.9
PrestaShop,46.85
Proton,48.14
PrusaSlicer,43.82
QGIS,44.16
Redpill_CustomBuild,44.15
Rocket.Chat,48.56
Skyrat-tg,36.68
TDengine,47.0
TypeScript,62.29
WSL,46.11
a32nx,44.61
airbyte,43.49
airflow,48.66
amplify-cli,42.07
android-issues,30.12
angular,68.07
ansible,75.75
ant-design,68.07
apisix,43.73
appsmith,46.82
ardupilot,42.58
argo-cd,45.21
arrow,47.52
aspnetcore,55.0
assets,53.87
aws-cdk,46.42
azerothcore-wotlk,38.7
azure-cli,44.72
azure-docs,86.24
azure-powershell,42.98
azure-rest-api-specs,40.98
azure-sdk-for-java,38.83
azure-sdk-for-js,39.07
azure-sdk-for-net,41.97
azure-sdk-for-python,42.18
azuredatastudio,41.06
backstage,49.63
beam,46.82
bevy,47.35
bioconda-recipes,41.21
bitcoin,58.1
brave-browser,48.09
ccxt,50.9
charts,45.85
chia-blockchain,45.7
cilium,42.76
cloudflare-docs,40.14
cmssw,49.14
cockroach,44.79
codeql,41.74
components,51.98
conan-center-index,38.2
connectedhomeip,40.89
content,55.04
1_content,51.14
2_content,50.9
3_content,47.64
core,68.49
cpython,50.68
cypress,49.53
darktable,42.83
datadog-agent,38.01
dbeaver,48.44
deno,58.01
denylist,35.6
desktop,44.72
1_desktop,40.88
2_desktop,43.48
3_desktop,39.97
developer.chrome.com,37.59
directus,41.15
docs,61.94
1_docs,70.92
2_docs,60.22
3_docs,68.73
4_docs,57.22
5_docs,64.87
docs-website,36.81
dolphinscheduler,42.74
efcore,46.51
elasticsearch,66.78
electron,61.12
element-plus,51.57
elementor,43.16
engine,30.24
engineering-education,38.7
envoy,46.06
esp-idf,48.69
eth-phishing-detect,36.33
ethereum-org-website,45.0
expo,50.75
extensions,44.39
fenix,43.39
filecoin-plus-large-datasets,35.9
firebase-android-sdk,43.86
first-contributions,76.79
flathub,39.07
fluentui,46.88
flutter,74.04
flutterfire,50.48
framework,64.35
1_framework,57.07
2_framework,54.19
3_framework,49.06
frontend,39.76
gatsby,58.34
gitea,49.18
gitpod,39.01
go,69.02
godot,56.7
gradle,42.65
grafana,55.52
grpc,47.96
gutenberg,49.54
helix,48.62
home-assistant.io,46.34
homebrew-cask,59.91
homebrew-core,60.33
hudi,39.13
hyperblog,50.09
iceberg,38.5
istio,54.8
it-cert-automation-practice,57.59
ivy,51.08
jetpack,37.34
jitsi-meet,43.48
joomla-cms,50.12
joss-reviews,30.16
julia,53.05
keycloak,43.82
kibana,49.53
kit,50.8
kubernetes,80.71
kubevirt,40.7
lede,51.44
lens,44.28
librealsense,49.42
llvm-project,49.77
logseq,44.81
loki,44.18
magento2,57.68
mastodon,48.09
material-ui,62.76
mathlib,36.6
matplotlib,47.52
maui,49.57
metabase,45.64
metamask-extension,42.7
metasploit-framework,47.82
metersphere,42.1
microsoft-365-docs,40.53
microsoft-graph-docs,37.96
minikube,53.05
mlflow,43.25
mmdetection,53.55
msteams-docs,36.47
nacos,48.9
neovim,54.44
next.js,68.02
nixpkgs,53.99
node,79.47
nx,46.7
o3de,42.67
obs-studio,51.19
odoo,53.53
onnxruntime,47.94
openapi-generator,45.48
opencv,53.53
openhab-addons,41.79
openshift-docs,39.53
openssl,48.87
opentelemetry-collector-contrib,37.16
openvino,44.36
openwrt,38.92
oppia,41.62
osu,44.46
pandas,54.95
patchwork,50.27
php-src,57.89
playwright,60.4
plugins,39.49
podman,53.29
postman-app-support,45.48
prisma,48.66
pulsar,42.86
pytorch,64.48
qBittorrent,45.3
qmk_firmware,50.75
quarkus,49.06
rails,58.63
rancher,47.48
ray,46.31
react,70.22
react-native,73.7
redis,49.68
release,38.58
remix,49.63
renovate,42.7
roslyn,46.39
rpcs3,45.91
rstudio,39.16
ruffle,40.85
runtime,50.24
rust,65.41
scikit-learn,61.85
scipy,45.33
sentry,45.75
serenity,44.96
server,50.51
shardingsphere,46.09
solana,43.04
sourcegraph,42.12
spack,39.82
spyder,44.6
stable-diffusion-webui,70.59
staged-recipes,40.31
start-here-guidelines,52.29
storybook,56.65
strapi,55.86
superset,46.81
swift,46.28
symfony,57.33
synapse,40.01
systemd,46.76
tachiyomi,43.85
tachiyomi-extensions,40.5
tailscale,43.4
telegraf,45.96
teleport,40.7
tensorflow,90.0
terminal,54.88
termux-packages,42.82
terraform-provider-aws,47.3
test-infra,47.64
testissues,30.0
testnets,70.22
tgstation,46.66
three.js,61.43
tidb,46.96
token-list,57.59
tokens,47.94
transformers,61.17
translated-content,43.36
trino,42.45
type-challenges,45.54
uAssets,43.48
va.gov-team,36.53
vault,46.3
vcpkg,49.3
vector,40.89
vite,57.92
void-packages,44.36
vscode,79.47
vscode-jupyter,36.51
web-bugs,38.22
website,50.89
winget-pkgs,46.05
woocommerce,50.23
wp-calypso,44.97
xamarin-macios,38.32
xbmc,47.06
yolov5,55.4
yt-dlp,57.46
yuzu,48.44
zephyr,46.87
zig,41.53
zigbee2mqtt,50.18
zulip,49.17
