Project,Attention Score
AdguardFilters,1.095276737975107
airbyte,9.875986742242768
nacos,20.068801220848304
angular,44.44702184300776
components,13.436422167653006
Anki-Android,2.87957606793864
ansible,26.702096796457
ant-design,50.6919501963487
airflow,15.045454217288512
apisix,8.598791336290628
arrow,5.553350163393511
beam,4.3192573389317905
dolphinscheduler,9.215986003814136
doris,4.57261489848889
flink,11.900547013323887
hudi,2.394930696733977
iceberg,2.867015931147451
pulsar,6.2865391721300234
shardingsphere,9.833078138428098
spark,22.714920285522055
superset,22.032586857634627
tvm,5.607383325679931
swift,28.667589061802424
appsmith,21.520133584758128
testnets,15.464676969297658
ardupilot,8.063715622384752
argo-cd,8.254243672593207
stable-diffusion-webui,93.71441138120794
jetpack,0.7886065587004564
wp-calypso,5.377483051789559
aws-cdk,6.976449361161227
amplify-cli,1.8551163279776097
azerothcore-wotlk,2.2786247237951938
azure-cli,2.558284064825449
azure-powershell,2.7268345454302465
azure-rest-api-specs,2.7638798893607954
azure-sdk-for-java,1.225602643963203
azure-sdk-for-js,1.3602756989702904
azure-sdk-for-net,3.120909443978034
azure-sdk-for-python,2.059185904263509
backstage,19.491142840358506
bevy,20.078561841425593
bioconda-recipes,1.9997275390436084
bitcoin,34.02108589824496
charts,6.13256598528314
brave-browser,9.783586505515913
brave-core,1.5706737589515911
ccxt,15.96944309496571
ceph,6.167553149433035
chia-blockchain,8.944054976426282
cilium,6.5048829239477985
Cataclysm-DDA,4.700795006606038
ClickHouse,13.414497059376771
cloudflare-docs,3.186005977989084
cmssw,1.4398700544652447
cockroach,10.018189551510973
conan-center-index,1.4030284077940334
staged-recipes,2.0437905576003295
podman,8.694153449119712
lede,30.871342036844933
cypress,16.06369302490117
darktable,2.922914358994123
datadog-agent,1.4005716728504936
dbeaver,11.941804949746682
DefinitelyTyped,27.841269176288368
content,19.7632107159637
deno,49.073888826832366
va.gov-team,0.22335306665488291
desktop,1.4666390790594015
directus,8.265238416780427
docs,58.763579378075136
aspnetcore,14.507928564473524
AspNetCore.Docs,14.792730841751142
efcore,5.514859738964113
maui,16.615592650049102
roslyn,8.200620102227104
runtime,10.338165192391111
GitHubGraduation-2022,13.895064343985123
elasticsearch,28.991853948331364
kibana,8.508346712601961
electron,45.16829199653603
element-fi,0.2073003085888692
element-plus,22.098431856561557
elementor,2.623540430866097
envoy,9.99405308420068
esp-idf,6.89449356213145
ethereum-org-website,4.256244294411032
App,1.3376700902213223
expo,9.604844293209304
react,94.58417047647299
react-native,51.15063865053365
filecoin-plus-large-datasets,0.17329771342197664
Files,18.97210934994
firebase-android-sdk,1.338615126740844
flutterfire,7.6520978662386625
first-contributions,41.89357039470517
flathub,1.3378267692333028
engine,4.397117549079534
flutter,67.63843986338787
plugins,12.68735441902589
a32nx,5.043692288573114
hyperblog,15.460308886222517
gatsby,24.66720279667848
gentoo,1.7940189879260382
sentry,11.07526233667935
codeql,3.7521023746971394
gitpod,5.891999871350263
gitea,16.202392805098633
godot,25.791823058003093
go,46.67468802455131
it-cert-automation-practice,31.785266516280654
developer.chrome.com,2.073116495639778
gradle,6.054583839658107
grafana,21.968943831310664
loki,10.702380693958254
teleport,6.0190431321882025
grpc,17.177949959841644
terraform-provider-aws,7.482773118449081
terraform-provider-azurerm,3.789915192136854
vault,11.141165792152416
denylist,0.8043256183511899
helix,22.068012496120197
core,30.55504499793927
frontend,1.9128939087778833
home-assistant.io,4.462532247674018
homebrew-cask,11.737915542887718
homebrew-core,11.600597903751341
transformers,56.61205673446869
telegraf,6.699569095844327
librealsense,4.715320726193924
istio,15.680299801426939
testissues,0.0
swot,7.114033260139477
jitsi-meet,9.089624473729161
patchwork,18.634885750313945
joomla-cms,2.6607385020726593
julia,16.136353490685586
General,0.4660447679738879
Kaiserreich-4,0.08032506013259749
keycloak,7.340469959975217
zigbee2mqtt,5.796190190254573
kubernetes,46.592970824275135
minikube,11.96525060203028
test-infra,2.3229767682834357
website,7.529893467936918
kubevirt,1.9029499983483467
framework,11.085743713445055
mathlib,0.8025897947521815
LeetCode-Feedback,0.6677311486388128
lens,13.784976855062808
lightning,16.043824291861657
llvm-project,11.909576081418669
logseq,17.379714270152473
macports-ports,1.2369963355867513
magento2,7.394354269889902
Marlin,11.67745029928481
mastodon,18.852085433408337
matplotlib,8.137777822039341
synapse,4.6248069598869455
mattermost-webapp,2.486566076722406
translated-content,6.605830697135912
metabase,12.523009823733327
eth-phishing-detect,0.6569159536108043
metamask-extension,5.306193281869389
metersphere,8.984542913608927
azuredatastudio,3.604964519387538
fluentui,6.992297500493297
onnxruntime,5.573415094930598
playwright,38.75655994763837
PowerToys,60.522905559744544
terminal,44.31742181744206
TypeScript,36.45039282531773
vcpkg,9.949671919607114
vscode,65.2823014862991
vscode-jupyter,0.9204199731647998
winget-pkgs,9.839616260536996
WSL,6.5500104254795595
azure-docs,11.975108891083346
microsoft-365-docs,1.2460004932961615
msteams-docs,0.32352733463682615
microsoft-graph-docs,1.1674016459079717
mlflow,8.950771456128967
fenix,4.638368065367236
three.js,40.299097214056005
material-ui,43.37200340355245
mui-x,2.4846855511013577
neovim,22.195798088163627
docs-website,0.9467367501019638
server,10.866076432219963
nixpkgs,8.36190413654924
node,45.01036942633876
sdk-nrf,0.8623818601810351
nx,8.265732885597371
o3de,8.423171561772131
obs-studio,19.101928563248705
odoo,17.135213636202035
mmdetection,17.15324922547406
opentelemetry-collector-contrib,1.8513661404127464
openapi-generator,10.848984589230188
opencv,44.93427172609762
openhab-addons,2.043313478901918
jdk,10.689836776433278
joss-reviews,0.24898913339286788
openshift-docs,0.8435143781155828
release,0.5996371025755636
openssl,10.858132228834476
openvino,3.184476535397138
openwrt,9.166948306371376
oppia,3.3653630323837502
Paddle,10.590261118017775
PaddleOCR,27.573937088398733
pandas,18.60807754837945
php-src,14.373967982487299
tidb,14.146247192098164
android-issues,0.13950932773220437
postman-app-support,1.7334120406859639
PowerShell,18.61904503315776
osu,5.60642616815009
PrestaShop,4.465605507471924
prisma,19.47050427710149
connectedhomeip,5.5231368200049875
PrusaSlicer,2.82450488536442
cpython,39.4572139155293
pytorch,39.0406754804345
qBittorrent,8.021187630156703
QGIS,3.2440343706613946
qmk_firmware,16.61927530572008
quarkus,8.87702744919276
rails,19.469484499284466
rancher,8.226252482570333
metasploit-framework,14.358608181921625
ray,11.732914795454079
extensions,5.1245243508129805
redis,23.96833744740675
Barotrauma,0.7734836937675317
remix,24.626475835383005
renovate,5.8685675424568196
Rocket.Chat,16.726440085339693
rpcs3,5.348825571049258
rstudio,1.6378847402013452
ruffle,7.853060770276844
rust,31.429399373446447
scikit-learn,27.355953677573325
scipy,5.6324721269878895
engineering-education,1.0177649461777702
serenity,17.589124706497365
FNF-PsychEngine,3.2306943971897573
Skyrat-tg,0.7149369542298362
solana,7.1287293126908295
token-list,21.40125987325872
sourcegraph,5.245426962065315
spack,1.9871901839733002
spyder,3.469397650493591
storybook,34.26303794062214
strapi,21.236462416010752
kit,15.680795106873576
symfony,11.15781416798996
systemd,5.452283643730841
tachiyomi,8.844881394882862
tachiyomi-extensions,1.9350948116729993
tailscale,9.027501715976273
TDengine,16.266235137852814
TyProAction,1.4279400069381074
NewPipe,9.727060810498152
tensorflow,100.0
termux-packages,5.047599117621309
tgstation,2.719440160296777
tokens,7.492862255710377
trino,6.106106689659012
assets,15.626225251779822
type-challenges,26.26974839285065
uAssets,1.3429324410280352
Cura,2.376438049805312
yolov5,39.85020370044015
ivy,13.880240879461315
Dota2-Gameplay,1.517786471412484
Proton,10.654453826910856
vector,8.536042742949054
next.js,54.062621727177664
vite,45.854779021183774
void-packages,2.7839011698796168
web-bugs,0.24356270125830784
Redpill_CustomBuild,2.272345485612998
woocommerce,6.710061397793425
gutenberg,5.850878699183223
xamarin-macios,1.1483763324074103
xbmc,6.549455552692458
yt-dlp,37.60772389761127
yuzu,14.592603525505604
zephyr,5.008073579920494
start-here-guidelines,10.93204816348225
zig,8.915275425241568
zulip,9.002678590315623
