﻿Project,Average_Activity_Score
AdguardFilters,38.90019092588603
Anki-Android,35.64813701367688
App,39.851881892390665
AspNetCore.Docs,39.896180600980756
Barotrauma,35.591502884796874
Cataclysm-DDA,43.428705144591994
ClickHouse,42.42932238223572
Cura,40.24979791936385
DefinitelyTyped,58.05060102993078
Dota2-Gameplay,49.81012346835493
FNF-PsychEngine,39.20059926829173
Files,37.3879589112727
General,36.35947358213608
GitHubGraduation-2022,45.2443538944409
KEEP-pipeline-tests-resources,33.333333333333336
Kaiserreich-4,37.2110542775055
LeetCode-Feedback,39.806940993392224
Marlin,43.02269625894211
NewPipe,38.15408926114897
Paddle,45.46937862614408
PaddleOCR,38.63459735010496
PowerShell,40.48267422218656
PowerToys,48.82783786242772
PrestaShop,41.306708046644964
Proton,45.43856382598897
PrusaSlicer,39.19824660846979
QGIS,40.103974628272475
Redpill_CustomBuild,50.964435486729236
Rocket.Chat,43.59502762062059
Skyrat-tg,36.34524476321422
TDengine,36.78504182905936
TypeScript,53.786328347240094
WSL,45.94307826506546
a32nx,38.427184777064106
airbyte,40.4785213528511
airflow,42.33516754237443
amplify-cli,40.09983396360858
android-issues,36.522226541269355
angular,53.325186692666655
ansible,56.12810096871848
ant-design,47.444932430646894
apisix,36.420703657384195
appsmith,38.24910394479144
ardupilot,38.80399641762968
argo-cd,39.01197534663962
arrow,38.63405117719663
aspnetcore,48.250597717099396
assets,41.820234427615084
aws-cdk,44.89556303611468
azerothcore-wotlk,36.091022054702236
azure-cli,44.187793867702254
azure-docs,83.00848898115997
azure-powershell,40.708218230082224
azure-rest-api-specs,44.737766607769544
azure-sdk-for-java,38.89335571036184
azure-sdk-for-js,37.90236656118642
azure-sdk-for-net,42.097329082508104
azure-sdk-for-python,38.62854363547863
azuredatastudio,38.7459475282311
backstage,39.298126852198344
beam,39.952897200665795
bevy,38.568668365242864
bioconda-recipes,40.29234504967561
bitcoin,41.478825997366684
brave-browser,42.33893737405336
brave-core,37.013468439927976
ccxt,37.96778050378253
ceph,43.89993095279235
charts,38.54679409847657
chia-blockchain,38.73316012472786
cilium,38.41021070274727
cloudflare-docs,36.967917488467656
cmssw,42.6813294963459
cockroach,41.71487073828883
codeql,36.93841953427757
components,43.64675520269713
conan-center-index,39.079897831881205
connectedhomeip,38.5885821121681
content,45.04111864897641
core,74.07637352031998
cpython,44.71266287509942
cypress,43.13852105645486
darktable,37.039909444801694
datadog-agent,38.21789896424456
dbeaver,40.016606175180335
deno,39.28959814784606
denylist,37.08456918668884
desktop,41.72056210118204
developer.chrome.com,36.42976654135135
directus,35.88759816030375
docs,48.32713726229279
docs-website,37.05404675406578
dolphinscheduler,36.7636623356125
doris,36.985891374955365
efcore,42.60366833573244
elasticsearch,49.692191621066684
electron,46.71874849575868
element-plus,39.07872669731007
elementor,43.82512227770672
engine,37.924754521158
engineering-education,36.5716384107286
envoy,42.6881473523538
esp-idf,40.62084540543605
eth-phishing-detect,36.76240806031695
ethereum-org-website,36.299017686202724
expo,44.51597610695993
extensions,40.022699814430574
fenix,40.90922360655831
filecoin-plus-large-datasets,36.81935320796241
firebase-android-sdk,36.53739452742313
first-contributions,59.976121138383746
flathub,36.66654044511225
flink,40.34236128728975
fluentui,40.71589922155028
flutter,78.68363539875143
flutterfire,41.40230754760842
framework,48.75093541639238
frontend,37.745420860622026
gatsby,46.30402257106562
gentoo,41.50890821365868
gitea,41.415109824392495
gitpod,37.14327750764462
go,54.367775375671236
godot,54.25415725471191
gradle,40.544626052827475
grafana,52.08638941112698
grpc,41.143164277281805
gutenberg,48.42755863807315
helix,37.90421232392037
home-assistant.io,41.46919798961394
homebrew-cask,48.11166530225443
homebrew-core,50.51877345653563
hudi,36.68334607003653
hyperblog,40.599419953585674
iceberg,36.88731480625614
istio,45.01136408841739
it-cert-automation-practice,50.857714235020694
ivy,38.18324674137349
jdk,41.13045119996898
jetpack,40.20759866672503
jitsi-meet,37.879496705316754
joomla-cms,42.53582091878399
joss-reviews,42.69882124708459
julia,44.381375048191224
keycloak,37.79906163922852
kibana,55.82718785252578
kit,39.89974194125681
kubernetes,76.82642708515935
kubevirt,37.335084494863125
lede,39.12434729368773
lens,36.01670416427663
librealsense,38.41989528277855
lightning,39.189373149532315
llvm-project,39.30311354563736
logseq,38.04435864188164
loki,38.34253534218936
macports-ports,37.578810782850965
magento2,51.65741764068429
mastodon,40.32457502465472
material-ui,46.35475977198891
mathlib,36.866495812188255
matplotlib,39.35124109220596
mattermost-webapp,37.25050391679478
maui,40.634248528820684
metabase,39.95952956864158
metamask-extension,38.889879971472446
metasploit-framework,38.52189800392551
metersphere,36.50231878445444
microsoft-365-docs,37.870326821342424
microsoft-graph-docs,40.903165313495464
minikube,39.86142067405799
mlflow,37.02390544814046
mmdetection,38.318196783997585
msteams-docs,36.18570008330167
mui-x,36.76937952934437
nacos,37.91041010653916
neovim,40.80870422310581
next.js,50.510233909399766
nixpkgs,73.4604343392993
node,50.73305949571262
nx,40.92799163096977
o3de,38.347384200645784
obs-studio,37.06536273741842
odoo,52.453268071240565
onnxruntime,40.418186863201704
openapi-generator,40.322095104003616
opencv,40.630690160418474
openhab-addons,40.11084698018425
openshift-docs,45.717444766133745
openssl,39.696948175097695
opentelemetry-collector-contrib,37.52226639525738
openvino,39.9033729655515
openwrt,39.242835386263046
oppia,39.244129048410024
osu,37.36899463992672
pandas,46.35197231797111
patchwork,49.36537966496916
php-src,37.32124704056524
playwright,40.98699416534036
plugins,36.3542393133461
podman,39.94306820661256
postman-app-support,42.74808213922028
prisma,41.50645753729589
pulsar,37.97653109803242
pytorch,60.64892482215776
qBittorrent,41.791716490785795
qmk_firmware,40.95619212454001
quarkus,43.61744094071128
rails,47.02056108127976
rancher,44.07492358700609
ray,41.31604463578033
react,44.98726157961397
react-native,61.61847271562596
redis,37.55420756230632
release,43.09319800788822
remix,39.22507634710981
renovate,37.46024622212801
roslyn,46.37039879080356
rpcs3,38.34668203946632
rstudio,37.1327803508866
ruffle,36.502186602238616
runtime,57.61589019917244
rust,61.14076948693357
scikit-learn,42.509176328468335
scipy,39.64875926758584
sdk-nrf,38.64038672681486
sentry,40.45706956350488
serenity,37.45058448837774
server,46.9685578806396
shardingsphere,37.15469286280224
signclav2-probe-repo,34.39913009190057
solana,37.20900700152526
sourcegraph,38.875859443486306
spack,41.245927087273124
spark,47.63255741232184
spyder,39.602963722840876
stable-diffusion-webui,55.91975462122621
staged-recipes,42.01817363492105
start-here-guidelines,41.660550098947006
storybook,43.58722421713343
strapi,39.72024706204248
superset,40.11904247357338
swift,43.99216775333557
swot,39.70333332544886
symfony,47.16156643931652
synapse,36.83676894191225
systemd,42.688957599379904
tachiyomi,36.590021608817246
tachiyomi-extensions,38.050113585023304
tailscale,37.272667084191646
telegraf,38.85372396931561
teleport,37.18928864553488
tensorflow,67.16011811025926
terminal,41.630823060809284
termux-packages,37.32233083337276
terraform-provider-aws,48.0595727769765
terraform-provider-azurerm,43.205478782246026
test-infra,40.39506218772506
testissues,33.49449344662666
testnets,51.54464738659434
tgstation,48.170959514198266
three.js,39.70812463145047
tidb,41.37570051154905
token-list,45.33822635222174
tokens,39.84195033022311
transformers,45.10925504165144
translated-content,37.70941061110518
trino,39.25228970600943
tvm,38.18149405254646
type-challenges,38.09048248367254
uAssets,37.945346672166
va.gov-team,40.780983980694664
vault,39.519768946248305
vcpkg,44.202578209295076
vector,36.69146681522266
vite,40.907564475075894
void-packages,41.22996325894808
vscode,100.0
vscode-jupyter,38.29787700086704
web-bugs,39.08121013723024
website,47.99327706314124
winget-pkgs,42.584904353319466
woocommerce,43.034025820434515
wp-calypso,48.63176800463088
xamarin-macios,36.669294514809756
xbmc,39.309082668217904
yolov5,40.751602131221155
yt-dlp,39.40575087682533
yuzu,36.88717272970128
zephyr,48.8118962110996
zig,37.450340610922
zigbee2mqtt,44.96570813569494
zulip,39.257495473481114
