project,problem_solving-score
AdguardFilters,20.75
airbyte,10.33
nacos,10.64
angular,9.22
components,8.78
Anki-Android,6.37
ansible,32.63
ant-design,20.89
airflow,5.09
apisix,16.19
arrow,19.92
beam,16.09
dolphinscheduler,12.29
hudi,10.84
iceberg,7.49
pulsar,6.16
shardingsphere,15.0
superset,3.21
swift,1.35
appsmith,12.71
testnets,47.94
ardupilot,3.26
argo-cd,8.95
stable-diffusion-webui,57.91
jetpack,4.09
wp-calypso,4.24
aws-cdk,6.09
amplify-cli,11.47
azerothcore-wotlk,10.57
azure-cli,10.82
azure-powershell,9.02
azure-rest-api-specs,3.89
azure-sdk-for-java,5.99
azure-sdk-for-js,6.25
azure-sdk-for-net,5.7
azure-sdk-for-python,12.0
backstage,17.52
bevy,13.4
bioconda-recipes,6.79
bitcoin,16.02
charts,13.97
brave-browser,5.79
ccxt,15.87
chia-blockchain,26.0
cilium,5.59
Cataclysm-DDA,8.97
ClickHouse,7.61
cloudflare-docs,17.04
cmssw,45.61
cockroach,4.55
conan-center-index,9.77
staged-recipes,4.53
podman,36.05
lede,6.64
cypress,7.54
darktable,16.04
datadog-agent,4.45
dbeaver,9.47
DefinitelyTyped,2.52
content,15.67
deno,12.46
va.gov-team,8.68
desktop,17.55
directus,3.72
aspnetcore,9.46
AspNetCore.Docs,11.0
docs,6.4
efcore,8.17
maui,13.55
roslyn,3.18
runtime,10.38
GitHubGraduation-2022,31.7
elasticsearch,21.23
kibana,5.24
electron,9.6
element-fi,5.25
element-plus,30.65
elementor,6.69
envoy,5.26
esp-idf,14.6
ethereum-org-website,13.86
App,52.38
expo,13.05
react,17.14
react-native,8.83
filecoin-plus-large-datasets,30.12
Files,19.77
firebase-android-sdk,69.64
flutterfire,26.56
first-contributions,29.94
flathub,11.65
engine,0.0
flutter,8.41
plugins,1.73
a32nx,21.65
hyperblog,3.14
gatsby,13.21
sentry,5.21
codeql,9.76
docs,17.24
gitpod,6.41
gitea,7.49
godot,5.05
go,15.32
it-cert-automation-practice,2.97
developer.chrome.com,11.46
gradle,3.83
grafana,9.52
loki,8.46
teleport,5.63
grpc,4.4
terraform-provider-aws,4.13
vault,7.76
denylist,8.87
helix,25.78
core,13.13
frontend,8.55
home-assistant.io,12.57
homebrew-cask,19.24
homebrew-core,13.86
transformers,11.99
telegraf,9.86
librealsense,33.98
istio,10.61
testissues,2.24
jitsi-meet,5.03
patchwork,2.15
joomla-cms,32.13
julia,7.7
General,23.72
keycloak,7.55
zigbee2mqtt,14.23
kubernetes,17.55
minikube,23.89
test-infra,35.06
website,11.94
kubevirt,16.61
framework,43.88
mathlib,4.76
LeetCode-Feedback,84.97
lens,7.26
llvm-project,4.08
logseq,12.01
magento2,19.01
Marlin,26.47
mastodon,4.21
matplotlib,9.81
synapse,4.35
content,7.96
translated-content,18.15
metabase,5.07
eth-phishing-detect,4.19
metamask-extension,6.28
metersphere,14.54
azuredatastudio,4.87
fluentui,11.37
onnxruntime,26.92
playwright,39.15
PowerToys,14.18
terminal,8.43
TypeScript,8.67
vcpkg,10.5
vscode,9.73
vscode-jupyter,7.27
winget-pkgs,9.1
WSL,13.8
azure-docs,100.0
microsoft-365-docs,26.8
msteams-docs,20.39
microsoft-graph-docs,3.44
mlflow,5.55
fenix,6.76
three.js,20.67
material-ui,11.17
mui-x,12.0
neovim,11.07
docs-website,11.51
desktop,5.24
server,7.69
nixpkgs,7.35
node,14.79
nx,12.98
framework,16.93
o3de,9.49
obs-studio,20.27
odoo,4.89
mmdetection,32.02
opentelemetry-collector-contrib,7.61
openapi-generator,4.33
opencv,3.7
openhab-addons,8.75
joss-reviews,50.24
openshift-docs,5.56
release,9.4
openssl,10.32
openvino,10.9
openwrt,0.77
oppia,6.55
Paddle,10.17
PaddleOCR,28.95
pandas,8.36
php-src,54.52
tidb,7.21
android-issues,66.3
postman-app-support,4.77
PowerShell,5.74
osu,13.83
PrestaShop,10.6
prisma,8.75
connectedhomeip,7.74
PrusaSlicer,9.86
cpython,2.01
pytorch,7.9
qBittorrent,4.2
QGIS,7.12
qmk_firmware,9.76
quarkus,16.26
rails,11.22
rancher,5.85
metasploit-framework,6.46
ray,7.32
extensions,22.74
redis,2.45
Barotrauma,10.68
remix,18.07
renovate,7.08
Rocket.Chat,4.63
rpcs3,15.05
rstudio,6.08
ruffle,8.22
rust,6.33
scikit-learn,17.0
scipy,7.25
engineering-education,22.07
serenity,10.99
FNF-PsychEngine,56.37
Skyrat-tg,14.57
solana,5.71
token-list,11.52
sourcegraph,7.37
spack,3.12
spyder,13.36
storybook,7.57
strapi,27.89
kit,31.81
symfony,20.8
systemd,8.14
tachiyomi,9.53
tachiyomi-extensions,8.21
tailscale,17.12
TDengine,28.11
TyProAction,4.29
NewPipe,10.23
tensorflow,27.09
termux-packages,9.26
tgstation,9.41
tokens,24.37
trino,6.5
assets,22.16
type-challenges,7.32
uAssets,23.17
Cura,26.6
yolov5,20.72
ivy,41.33
Dota2-Gameplay,20.39
Proton,4.38
vector,6.8
next.js,16.32
vite,22.99
void-packages,9.11
web-bugs,17.46
Redpill_CustomBuild,24.78
woocommerce,16.69
gutenberg,11.16
xamarin-macios,8.16
xbmc,11.9
yt-dlp,38.13
yuzu,9.44
zephyr,7.69
start-here-guidelines,9.1
zig,4.83
zulip,17.22
